-22099.96174623957	-818114.8779741323	-657943.7554244546
-699568.714534241	528996	-575465
293052	-619261	-575381.7317664991
-203645	-120595.16591061011	-950894.9377663811
-158915	795241	-526051
915309	-608909	598038.7383574506
-815017	-541287.6770602928	-57344
-14648	724958	358563
-433974	-201238.24314075336	142670
740301	169128.09061416402	-577204
358347.66263539507	-517586.6587566609	-438316
973340.5220252546	996226	-737190.2621322024
-174379	491361	751696
716773	547328.3993606654	130464
107998.73512552609	-796388	-840099
907115	579731.4883529167	800449.8670178449
82805	164561	-443227
-419978	-703337.4805522326	529803.5486529539
-952769	875126.6402949975	737205
699588.1070360995	-376469.9958853723	205537.6595334136
-646011.1769060646	805065	-575737.0866218444
842755	-994799	-186992.3596240593
-614168.9541564597	171529	392728
356842	854745	-138086
-823056	130930.94286050275	523636
-917789	-792113.1383689591	-975422
-769827	-26637	-91851.87626338156
778298.6247779098	611640	-58401
442322.23517551273	779096	-60559
92623.34709925135	-994060	-387206.87213890103
-997957	-340816	-669017.3193416804
-197080	-13647.053862248897	-177821.2548552571
619327	-79125.02880470385	391455.17446231376
-998137.2526509182	59136.7559502942	-252698
411736.24033233826	-396387	-838502.2324916958
369500	803787	-334115.8635920496
-435921.3058558997	-967739.577264699	-906874
142660	-969149.3101961288	740154
-910332	143251	92979
-755156.4841658436	-641450	-89686.58597984188
-186515.27561878797	563108	785621
99689.8719438347	-246149.64928045357	-223923
853882	-361742	-5572.341332619893
587036	-75544.6028758313	-774369
897787	650009.2427857709	-319609
824423.2421464818	762136	881368.1032051826
-244965.74193580623	-958057	-222099
365982	-637163	334645.1525153995
261012.21967400424	477667	966195
921585.9859584002	666608.4989574777	-947373
-170092	712676	961537.0802066138
-599121	417367.0677850847	964139
582720.0155556877	-419835.1557094087	241913
293392.0572145616	475856.98254352226	701547
116184	-80497.04845335986	-971857.5493262678
-672950	156464	158187.0287530364
964892	851404.5739638174	-650823.1229182682
121456.00473199645	250638.14658596762	-721173
866688	-92901	258775.70751065016
867782.4091800067	558206.145330016	-422771
-963310.11304212	-262368	-682773
-982193	560575	-304753
729291	612669.2814462136	410497.16688856063
-381465.9709511694	311534.276123323	271376.54830839974
161829.23843069142	223168	949735
493636.9246988662	530732	-801275
664090.6007281626	167302	-894070
737647.9294643116	-810354	892190.8878828324
-265544	-311144.8280952533	-711678.1182274972
655709	641506.3203224556	-567668
-147976	-163332.77112629532	-823834.8815501828
-877260	-214527.79360712145	935913.4662167886
460500.2104891022	409216	350654.7907984662
-674540	-352486	281694.9260266037
634668.3646351662	444163.0920657979	-594321
835117	-417572	-358878
694878.0978298346	403208.3413497342	-774919.9845712569
843966.6668073726	836515.9191643905	230561
-188161.97180747846	-519080	78385.0261401243
-53757.367886383436	-99188.6392554018	309374.5990254793
-60244	876765.2766838267	374753
488922.6023602679	-116413.97594867554	211396
794362	-327053	326868
-445843	-941088.2636428713	-651959.8382981546
-433921	510839	110878.51167032658
-679842.7856348024	-560340.728892494	-506736
-874955	-988179.4820652616	404942
-991814	-605529	-818931.4132832089
610822	878724.3500929754	-516768.86139319424
298095.4932657201	-408914	-443864
925945	164726	-215392
-405259	543555	969693
-532294	-62688.902815031004	-740236
800321.3599861192	-118019.7348237877	-323442
-779519.6696460374	57930	283234.56654583523
57474.26912423037	-923714	-979014
899163	-647698.0262093046	-344290.1721911065
-786746.2510826609	917782.5890199507	-286902
265601	-557511.4806988416	92614.43126203399
797682.5433530959	-580480.5154159109	801927
603377.5433924794	924062	629672.7023054643
-682267	83061	974415.8666113608
-305006.37857381045	-708412.1005987156	973616.5034094686
799857	-939579.700884093	-249403.8164585448
573813	-95683	-775111.4799657195
453557.48038780177	476335	685069.6716647474
-83153	527097.2455578432	936359
399464.1293613014	-26402.326424552943	-419564.11833881633
-685124	269294.76168439793	807662.3423014402
351958.8924051556	70601.54898297461	63873.479052516166
-174472	-631573	-599943.9717140435
882592	-524116.3459160341	852890.6466808058
778027.4752360182	-644449	-173490
425007	894541	849882
638316.7244935844	727183.9116872998	788437
-960532.5785947735	-131042	265304
-164672	-197115.57397481578	627532
300888.3157082584	275748	427334
-175428	314579.4661351149	-655151.5775849659
129836	83234.84881453309	-231335
81193	317691.02652090765	-15359.78886207263
-869331.3945869758	660041.2864721324	289342
749554.9717869498	-208997.47743306612	595758
-827929	-23627	623053
918967	-573190	667298
98809.73940060078	-465867.1864303043	949378
491231.3897354088	-100998	674208.4965308236
736338.7620754451	816508.9347220787	412403
-725529.3855759087	631468	-361392.99236066756
-639854.3816359595	142655.80690223048	536129.0911631624
848049.9257560468	492715.83420714317	900361
-238159	-866025.5911990328	-75294.12161714723
-215810.37223238498	881570	-613412.5371917272
407712.9227151016	175482.59178962256	-732461.5098740152
133166.41085072258	99511.12986076437	-812970.1577862375
374041	-232002	-746634.4979370993
899664.4409111158	205737.5512709946	-388456.98600802734
-517954	675887.9820029072	-370092.0976530373
166037.87350881356	-774433.7637526158	972178
432051	-877895.5751608578	457330
584610	651727	-265149.6949380374
254354	749793.2040969229	-606718.8107148744
-990954	51221.75371346157	550233.6340921323
-119682.08063450514	814351.4497513559	886355.8323962751
-70127.7458073541	853496.3325912186	-478376.8056584652
717617.2464263062	145340	-129903.41758780868
-32197	-362420	16033.831522008986
-375069	916771.7189619441	-942268.7006386912
414932.37893062644	-10000	399421.08073997777
509231	-323524	747173.6321584696
-942834	742339	-540327
-560881.3638337733	-927194	-218186.6200372493
-901313.6030183	-398868	-731759.1867783356
459117	-52709.68059490563	-476158
-666983.9786798686	331720.5708218536	-158094
-634116	688211.6755095925	87244.77179170167
-889560	568360	-879940.6018844565
547999	-511136	-373641
-288907.50388404913	-776362	526501
231173	-100160.48810266459	-300892.35476348025
-267921.52944526216	989002.5502309464	890579.0154900728
256093.2687696449	-387180.62284165295	581493.124511796
-803311	-21932	-318967
8492.722551596235	739648.6723146685	485558.6175838653
-171185.51883595565	-621673	498344
678582	-313657.99598742544	-504376.369876137
752941	202150	-216141
-666731	-879614	-808653.1504577432
731283.8714837637	-109332.80810880847	-878222.9960450765
342678.51896025776	645531	463110
-566057.2667026473	254400.94922116166	-307308.3449181053
-349972.31740145374	-188655	193476.64704001136
379564.81601062417	-934177	-657737
-879527.5290651119	822304.4569557274	835383.6897550195
754491.0234855744	658758.1394797638	371424.60309350654
-403132	691931.581663741	-81973.07226532779
-908035	-718445	-638705.7982960814
89028.42763315304	688297	608431.8205709588
88086	-183710	333141.8438860087
580473	-187948.11530363397	-290950
-738916	-448593	-880582
-538075	870168	-414912.9694598905
86867.7878818214	727331	-155326.36333932134
-726949.1853787064	-241356.55835509824	348789.7343871065
-853026.463797381	616580	-821235
88050	-442611	996475
90335.05749855004	264541	-559253
-447943	-462877	-208853
925779	-494684	735720.3361235717
208196	74252	250865
14503.591346981935	297134.30786922993	919014.1652099807
700872	-879864	55414
385573.81553294975	-285534.81900684256	-725901.6043763016
-46952	-893552.3100272118	-397849
-374311	124274.85519584455	-56605
-155529	-170375	225248.13513350417
275935.3363259607	-934290	823308
927436.8986755966	455658	-747395
-252144	-381955	901328
-130644	792554	-270326.31579087814
638946.8189357698	-508583	915824
241410	-375244	692947.5199777992
267553	-563153	-456927.84939706186
-571832	-482761.0324681102	-861653
-429863	-896061	13105.12596452923
854226	-188053	-535715
489984	-768178.1093786762	31658
-873522.8316555033	-248799	901145.5590175034
-113839	910465	-825749.3551157918
404666.14914168394	-964287	90266.4291229921
-795015.3096243064	-153748.91361630347	259817.8341125683
774252	-161209.62298994686	-541837.7166222204
873736	150705.19115934032	880011
-405904.97473859414	-65174	100225.75238838443
-401294	724739.1294600721	267460.49953391263
839209.5450014777	315213	-109008
-753887	826973	968429.7502979564
-799824.0141249013	385312	-173569
4752.385414468823	635066.492382467	412478.8087608651
264817	-223417.62072831474	812126.170335978
-553231	-206717	940505.0120887258
168159	610704.0172185164	510124
-532230	-121034	-172063.6576326997
353343	722628	-101333.86125514377
566342	-769525.2573246611	-996674.6410373301
-202856.1200857499	-554875	75123
-991311	897682.816520633	470301.36824299465
565352.3100230959	-932142.1366033305	-366623
-449738	-383125.6765692121	617227
-492240	-256300.4297828962	-60381.291675577755
-390773	175272	367934.0926182291
724881.264401511	606796.3518651617	-496106.58258616034
488150.304391318	185617.04078396223	663219.4885194243
-433386.43025982776	876821	758624.5466834255
-425787.7702603423	401739.23110156646	873204
937813	936820.0687793321	972552
-914021.72144678	-650607	693925
59740	-542646.5923523973	293332
227272	846653	-213997
485282.98368002847	710082.9924793798	486361
120034.25938764354	353316.33911086083	764001.122980789
158190	-715215.1287730724	816689
639858.4120914931	-699299	-318137
-826384	491949	-245024
940139.0713044784	-859364	791816
517496	44732.690849347506	-670072.3601254602
-558147.0679436555	229713.4440582539	-196402.34119593364
-555737	620646	-136392
-127030.4656859414	540123	64971.97824283433
-628913.0565300554	348880	524922.8001056337
978070.6453101139	506172.49149778835	428261.9828693406
-782912.356785666	460982	205219.49856699794
965004.2996644406	-899987.0149140059	-343057.2079598957
-334844.91390137386	-513527	-381011.43467271875
-763963.6253666402	-277944.8434611389	660086
-127158.18059835618	349423	326317.1165963644
472474.4812954031	-569306	661059.881331905
29340.503696840373	410537	-610550
722654	51155.117087377934	-188951
561875	319654.97559239645	110563
305077.9658203821	529482.3547846952	-812146
-754262.7440803902	-736013.499427601	419010
-658634	-759668	588450
249043.47729510115	303018.1030534967	-441427.4886920828
294808	-794273	-857683
-684864.4069049561	-208407	996675.7508797869
-464923.6133921995	-286081	41166
943962.783009086	797348.7677247622	322060.777677207
-828877.2125841494	403905.1086761898	485500
-260263	149250.26518613193	-656791.4655524679
-932605.6513850312	-462048.1164617747	-87516.88265900384
221776.34759369446	986394.5105008429	530844
-43015.23684021237	993226	-457684
-485687.73178806744	-935342.5072699332	-122453.63280597446
-583252	381728.9703421688	-822277.2325839474
397171.2916303661	-579059.7818178844	46011
-935276	-758486	-940010
-249013.9456071545	58976	-295123
-622781	774638	-825378.2415833189
-790101	-40748.113002450555	-964614
608727	-536495.8083074649	96336.83080888912
-380423	-60144.15449497942	-624785
-327249	-820270	-129143
-847446.751094688	-676781	469145.25308406935
366114.08612037264	894855.8231763309	-981238.48105376
-573104.8656828041	693594.0597027179	-239268.23109543754
-173910	-202306	-301309
274665.6532844361	288068.06096960604	-12986.193278019782
-856886.564054483	157017	278690
-952393	-590406	152741
108992	127515.05444358289	-91501
693788.9161324229	-459216.84357174765	-943669
-763150.8919750312	924581	894696.4465401461
-173699.49048650463	47214	-289356.498338667
-226750.03219230927	761692.267153318	-363400.1417958201
-302363.5572170196	187995	-397221.3789739285
819108.641441738	786623	748012
662044	351796	69308
-475308	641888	-324160.5003911668
-472548	-485565.2960522583	137082
577227.2514328631	57264	836127.5578196407
122985	-789680.5591728906	-751157
-91269	470638.46849200735	-142400
992490	464043	-956434
628094	896320	562891
4312	976893.1543528032	208050
-445529	58224	-991709
156413.24153126823	-249268.9836879489	442593
-844178.9768638854	-912756.6852426565	-880458
574911.0230122488	-199518	348381
-143646	-905752	517234.1364821959
474861	-208859	-970609.1266681746
-329806	-198211.52893705002	580668
293423.9005280109	-524001.2962557372	-709786.3408241054
-877697.7231446799	542794.6347735559	-473934
-380095.1095308475	-268710	721873.7826366795
-433717.49688284635	-15522.719113603584	-230316.2725150974
-36465.90330384765	796982.8253641909	637600.5365281901
669098.4373272434	-782777	172528
-267542.24677071755	-376725.7692282151	852000.8193170386
-755925.7858419026	-398274.59552369884	-941000
-188717	911130	-644423.4238553834
324570	-632627.0439731986	86936
146132.6276032133	-312779.4941858564	556227
522205.1382471719	-72295.23578470107	-652212
317597	-557789.7736611166	72039.63657246437
719314	-345251	-569277
-773249.1731871325	-199784	-731624.318423256
-327650	-782107.7242705907	657139.5730991671
841473.6010048408	-850100	-431066
696076	-679383.1532273942	-954485
613491.2822842121	41087.657142286655	-409655.8468018754
978172.02228468	96902	575729.9187241523
-103840.37127621856	-151636	-483913.8382874324
-788712	-793474	-847027.419976232
667859.4966753342	-350143	-577296.4652954163
5910	886836	-44719
890682	13379.527604028	-775159.9141784089
74220	-386872.4513251056	508672.74233939196
-175895.03567817702	-749857.8477111193	489173.5276939287
-160521	-140955.11669698777	837288.1312934933
-617377	696308.9987980323	580949.1661215364
495663	1325	181032
986236.8394328146	777900.9419974047	-243383
707232.4593587185	-390596	81061
-903180.258490262	211140	-402818.7521324513
283585	432705	641700
716768.0593335098	862973	260687
-345671	934565	144111.31580708548
567361.2679712197	658021.0180688126	38092
277323.1966744673	40986.147001407226	154953
-898721	-818193.2243420971	726962
-164789	142112.60275253537	-753878
-420652	-363782	376658
862667	168224.63515513786	-206711.45861926314
-744951.082631442	-754894.7348906847	-332773
-698663	940300	435418.96265210933
-453424	-11897	9497
-128742.3605532638	-553864	-614076.2278465803
539366.8051098594	292690	-371694.4151448518
-53228.66952902719	-137825	-85901
-952129	-699019.9984572136	-870680
762123.249264572	881333	44793
573434	892555	812790
-44900.11687004496	807908.2381392354	-598604
-329528	100767.03517399379	247737.22200262826
691712	-691719.6962254446	-117446.00829914992
-175320	-481461	-878236
655671.09866504	173702.64151072642	-471057
403183.0552992122	-449465.96365531976	944668.4738338338
849184	530873.3332432881	215859.94542597933
-127031	-603155	-466912
164157.06134675303	-348544.8835809723	892877.5447711414
-59122.66190111288	890386	251632.78297196445
-569869	412478.0135718102	232425
251470.97182230302	-798388.1563619941	-549750
959214	-762341	-895186.0490698928
582887.5254154284	-746607	-706540
166863	752641	-605224.8504745157
-787615	533030.8341236913	193526
630259	649183.1038769053	918330.8781750074
295225	88696	-473716.7674783984
-140783.03139137116	198897	976034.2447301554
475848	-469225	701849.02473565
258986.52236377052	-770385.2638372988	-848953.1691617547
128112	413952.62789041176	-525554
112303.08572272328	807880.2660291379	-497663.20050718373
-540626.9556366589	-121935.73142857675	-185821
995313	-479665.9507525032	-596663
525226	-539268.1207685246	-913703.3429500558
-703580.0857790484	-1783	-993732.4732042291
348912.2588174392	-773416.9229862728	-887811.6298409929
-87802.48809809587	-526515.7153146113	433525.9140405059
711528.7791272704	77136.74983813916	286958
-800294.5640427046	598235.9598441329	-139689.5060554206
88730	511213.5429874582	1687
-159118.40765799745	550610.4169619882	165561.64197188755
-385101	-373139.2460186189	308155.20192613173
-348656	-978993	-720454
-141528	-670674.4694614059	758388.4040433574
254352.5121349534	-368411	800943.0894200034
-22780	-311223.772926194	-42999
-981253.0229398471	400141.80989039387	671138.9228639472
-398265	-972739	-234856.3709158291
20547	979853	-186923.2744732201
297425	-189088.7557367424	-422254.16946761403
-532556.3480433288	815163.4193298118	-743722.3472776775
-977769	185225	-381565.1236829973
500692	653878	296729.36565147503
78597	991235	-890551.1911359387
-514272	861978	367095.44160414743
630365.0305779388	-821588	-651275
-170234.26691916015	120669.35401959065	-3759.018089130055
644586	-6806.355068518198	604680
-711534.2699292211	231649	122125
-270193.1239236584	-846866	-196429.62870775408
473028.16669641505	282712.6388391105	-116071.76134221756
428067	-315774	829071
-244877.96574478014	-228245	857640
116518.23404484033	626634.8950766728	-473857
-626653	424862.34965562075	-16331
765990.240397803	-794954	-77376.05827508622
782881.7510740729	-769984	84596
-134140	77965.01781914802	278904
860920	-885929.5071287298	926911
263751.44395861565	-113044.7695022989	650605.7661863205
444590	37203	12969.121408219216
-43245	-2845	-729228.5989352437
834071.1924550263	604156.0524019676	-842260.9357064255
961143	678347	-999893.7571522729
-256943	-997670.8055672359	911593
-596310	-674611	-164485.72705942113
409491	856365	995894.6218910525
-305943	-645227.642967301	-741158.1229508328
-952705.2318038578	-938711	-77716
22590	-812740	-455832
-461910	850411.1226751877	-356653.48283238686
-975144.3738191468	527499.6646638396	-368971
433351.26550913346	-849636	909733
384289	-929536	221351
-182236.79764104367	723960	-500411
391559	-125571.40261956095	-548093
-422737.6967372636	-952129.3994949727	-207017
173692.7768433902	36309.90316571877	797052.8362849699
-193796.0537884147	-410824	-868947.6908721933
-345068	665636	291513
420461	770587	-249681
-403895.8258343823	-446097	315744
509484.40450049867	24736	-911927
269779	-568392	-153735.82564778428
377201	228436.34619765705	176634.5086179166
837189.914057377	-522583.29554041725	197314.12562915217
-263155.74498129555	-476488.76483004267	-897337.7640970224
304961.876044865	-442640	743464.9908444418
225942.210570212	-414244	919118.7601716167
94357.77435732423	-876806	365264
-208260.73666259414	974548.3463909915	455355
-164177	-429457.54145520774	-638033.1931048543
260237	171996	374578.23430488235
899028.5250622232	769531.9552289515	281366
-944650.3796933659	-845590	-947757
-818743.878670434	618500	-910578
-689348	-846976	309250.2836715388
-558555.0408087334	374323.8024918386	-900717.5599746344
-663380.8463722526	-578556	730934.8257782569
-505972	-40475	730083
-24129	454314	378902
-345121.1220724324	-727140	-259582
-684570.7916783516	-777546.4442017255	-689418.9095897871
753008	-33830.69115478848	-32900.078118723584
484493.10764087364	435459	-883321.6242136825
963014.0546706142	-888056.7086831328	-574971.1781467319
-687263.1148308952	196947	-423047.03550053446
-585110	616347.7368827923	-276968.46334907657
349368	-281052.0582229723	-682045
-888374	857497	653902.9001826153
-286639	-423099	294834
55922	53963	984917
34337	-171830.86712038924	-639535
-909238	-431367	-216134.40020798263
136997.70188925206	-90871	690043
723868.98026689	-854910.0955940292	-447654.3358918155
603925	811967	-480702.8528857575
958265.3009760636	-629044	-974981
976760	-47650.71756437165	654818.6673710665
637794	-449268.1066487541	-590420
734979.6570879731	119914	717486.2124121725
995947	-13486.352142076707	-335243
-102369.28664387413	485646	-341180
-52570	591379	-637275
497998.91565734544	787378	-544665
598088	922881	506732
-374459	526706.9967811923	371146.7482725191
217274	-455240.65442791814	946484.0183763106
-267002.1183759859	129659	-906132.7474550292
49788	-458158.3923989214	73314.22654281533
489841	-688394	-716803
-360494.8013409071	-484945.8173325238	755432.4871046089
510107	-471539.52831851575	894171.9361194484
43380.01839546894	-5238	-348646.7641494089
-9996.955668945215	651388	489896.8653259331
400418.50426928746	-474031	2027.0965439354768
163948	-318961	-228234
-366821	480744.02542575565	197980
-635470	-322574.88370183343	-967012
719644	120784	743748.1175812387
884343.7450706817	871838.4027704915	432158.35280520096
938776.1149386452	778270	-377984
-776308.3334665946	363937.9383231362	261358.12268168898
782444	697610	264263
-855255	-823131.6492807164	819043.9753264191
525021	-967517.7609449546	947760
340008	694233.7825422301	370826
-28499.632972443127	190978.46501558367	439593.821666067
606970	325713.1337801053	-46269.51328226726
846259.6165593846	-366700	-827897
648201.4434317874	-139293	553207
843095	-667145.7463944202	81883.38417940564
-513626.00771718635	-1720	-997678.4344704126
-656628	-711276	738256
189077	-81213	808496.7727951931
-321196	658116	397583.55713686766
-5795.276007601176	-190216	213284
597165.167375314	547803.667185012	990810
885297	334212	-419377
-770123.606777447	906972.4162309389	207729
-474494.39196646353	-189359.24776019133	-358059
936586	-284651.97718013544	-525542.564971079
-570075	37446	-740445
-110953.73442115949	776447.4031283548	-857575.5673634487
915071.6218632078	477255.6358518619	771319
-10564	-781188.4277334549	242794.22313224035
801202	-377032.46706617216	-454641.2447054504
484857	-395355	-909293
860378.7439000325	382829.37261961563	-975139
112027	-464418	978950.4586864882
-13908	9581	-606871.1210022555
540586.4987124859	-274838.23402961297	628553
-491187.317451562	-498088	825087
-211502	-747585	603894.9947550294
-892000	-191717	224360
724403	183134.47155411402	118200.83011720283
894608.3624355404	72814	840574
434118.7891018188	545179	-697879.2664392748
-476832.03278306616	474898	-289933.15115581115
-708100	-949492.4387106183	708901
894397.6532642124	226761.27149220277	-564740
884561.6090979949	-641312.8190354891	283046
-109732	-859285	-958534
625656	-495686	-77399.16504274285
-737599.5918011036	671091	-769345
345103	32554	286099
198305	109284	-451404.1001497909
-120879.31366689259	-532992.0396316721	-635521.373009237
-111469.94346121827	341292	133270.3822907654
-74244	-351557.82615199743	-473241.70170561003
408192	280954	493094
968596.7610491212	-207090	437067
-585610.1783264547	869316.8196938874	218215.9069090758
503901.1352062137	20075.36076249974	-675940.1747367869
-605912	527359.1356753521	-66002
-729595	433582	-583679
736532	574382	240844
-97225.99107845209	-371878	93155.91209316021
-554479.8711513293	608550.3031538674	285605
745688.01335049	-64014	-309581.51223367406
481861.5432728864	-725372	981153.5381338485
-459598	533010.515774253	559200
784070	-899108	933514
-836724	85135.60576873901	-822867.6067462257
-454061.87610823044	661153	59071
868870	-487461	-778301
-901599.1281977401	333596.8225935111	236753.86675285548
735176	968063	682704
-376999	-263207.57626538933	-238721
-842470.2466894109	-902544	201732
-676434	577618.8253801765	-510629.22251313546
-625471.6838632913	93853.34829128021	206562.3112697783
-713039	-747472.1681944053	908545
-480122	-43849	-660554.1051832973
-664408.1370485292	393463	639066
-143650	-145595.70116883004	236366.66250341246
-653032.1089250061	321807.0622412602	-33471
566597.8261297494	37732.426296163816	-825444.6992820086
-346500	-434001	276405.4878139675
339587.99950201553	-908477.7837143614	-488007.5145917575
-347876	-991715.0914081805	-512581.07726089744
33128.01508521952	-344661.62303254695	397709.4653715496
472910.2808316818	-44007.21613041102	-87493.04775675968
-779573.5086302682	-130576	-525207
-419445.38780496933	-964609.031512062	343247
213815.17022371036	-487354.010444073	-658891.9329594341
56872.30016238033	530164	201777.7682046073
162126.73827428347	-652095	-733855.1518585342
-113077	961144.9087459971	-646029.743999358
732040.2803719908	583465.1520033241	609782.6010135286
-421961	760027.9366567994	-282236
-830202.652473359	-237709.41711950395	-787981.4334751945
113078	-684291	-239323
538097.0765003532	-267622.0408351049	-950164
-22613.159131067223	196672.15206901403	661462.7205600571
-179335	-945477.2271204352	105407.92034485191
-773989.401188394	424750	-609617
833843	578691.1885323359	-876731.2754160448
-620405	173867	893417.0493339314
253487	-289456	206988
154038.00739736273	-227129.58937811176	-258186
72942	889645	290697
-656145	911307	724189.609273368
386383.23705679365	-851166.0975787773	421528
-902427	-101602.40830970427	752230.7247928558
347938	-222479	918930
213836	-794071.5163088401	714074.3335498336
617136	901068.618298592	-496414
-541752	458878.2538177313	-132804.96546128578
-420670	-892455.9722599039	745692
-381339	97879	-200164
336322	464318	-903615
-623723	-805625.2259499216	334840.4907292847
-157612	-597979.6646770244	-491869
153783	-797879.9633005013	941550.7456821743
229892.34446147922	-948862.28194622	392896.77493528207
-288048.9941852469	465725	261662
662573.9801187324	26657.130826401873	-381687.5020115877
-613338	197688	-629971
-807817.1408160552	704978	919701
38860.55997588893	709004	-11352.983581760898
-765958.6467612609	-211128	275532
-501657	-502868.9969835833	661314
-467026	-885826.8956519541	-215908
-844612.8296819204	552070	630876
-448726.29388748214	-19391	535416.4494345989
-981860	-562923	843918
749028	966125.1276090352	-239814
789083.5132975222	-418974.1329605874	-119927
908167	-812633	631719
420705.1696890446	-589681	442335
654424	384903	911557
-212917.43303453806	-296072	-266092
907955	343789	-731210
556537.5398237619	411886	-210720.0910317857
-953602	341484	-344728
403025	231185.00392770558	-985346
-101822.065103575	-448806.7450306559	162173.55491197505
-373882	-816802.8146509319	287516
-770739.2304617492	-688294.6586299068	330666
495118.4142950014	-118525	-58631
-637550	809524	-787826.9818452954
655828.7838588413	-877422.036703055	-283746
-161225	882232	934156
-73121.36373735848	-533429	704866.452012623
125047.08456147765	631509.8291636151	-249452.37721222918
-934824	-840	121585.6004260031
-705827.1662860205	94806.70707197115	-822799.3858692923
926861	-710624	867503
583854	-327655	422446.7691977585
919831.3883169326	-875902.4871122336	-950487
176403.34645246877	-962844	-821166
-985232	1682.781014115084	813432
576089	899044.7435121555	444628
-724798	-795119.462681491	-598233.2248991425
-426925	-125942	334497.6428627812
392517	-279633.5411250115	808321
897682	453926.52212029137	291029
-45369.8307087525	-333576.54924677545	-427458
330276.68764183344	413543	839833
459500	440841	-606859.2948917032
-345260	-185178.9929510916	357083.5067090832
-597673.9176638726	389666.1570033033	293060.0683376393
-192840.95175237744	-21362.144557793858	-420098
444439.9166801423	-168796	-507196.0659067194
-383218	-687869.6697868514	-249803.24825578707
607523	663474.0656499425	-557460.5802155401
977358.5242485553	808053	82549
-860000.2966655298	79139	-333694.7081153414
-936073	928454.7637333728	165777
-812790.2535474285	-434202	719105.9552356554
-982910.620031439	-950422	-674470
-997516.5028393953	986575	201280
-982055.2839578523	-241579.16604867193	-238473
-850647	913972.206600637	973775
264696	108438	393130
-134657	-187925	111706
374473	188479.62279064115	910752.8489237663
-886062.43899336	616567	257292
-667709.9672556997	-726889.9118586361	-460695
810450.5217525533	-380330	779240.9504798756
760495	626088	-43926
894207	-189199	-276674.62282089784
-373944.5573950573	-435806.18209913163	-354592.4165799619
-665128	229327.587052654	409342.8883548472
228802.20983699826	-843305	121272
443054.3158339618	636422.2541420357	570878.440834956
-555470.32767374	-433666	613496
-139451	479063.2173041252	-427431.7657074691
163262	-560886	-185148.0231553713
-21789.523147951462	-265897	815586.2183293393
827663	-43498.445612904616	392482
-432154	-934562.4292741996	-905964.7271791113
238922.1496831521	-346631.66241365136	392519
-544757	83433.39320642245	577035
721382	989581	233957
485165	-746179	509432
656248.7599584856	-707743	-394531.5757073212
-514292	389218	-407059
-208328	-399253.9459736601	104411.91038776236
-358359.5059932085	85100	263923
185852	650758.2636371073	605952.6979867425
807989	-364839	789714
-215529.2010297581	843480.0724823179	956950.9191376776
818161	-890451.1944506108	-239824.76076487696
96382	-322805	318523.9912729254
-899233	875818	885586
-488307	-518514	-784375.063256222
545626	169826	-306175
-402316	274684.47504550125	288168
-953273	959538.1477368667	-976923
333895.381736415	-767437	-179865
-240039.0033351787	-799828	989818.7338987205
-613398.8076921657	-273579	-769167.6779275711
591673.7025846795	384561.2559409214	-568173.8314740905
-785688	-249440	523212.9107079776
167107.25434615253	683995.8206538553	99271
-5736	-351443.6306378769	855454
-772547.4147592577	-951603.9238187142	-464315.61725015484
65490.72123932582	-16820	-173750
946979	-774244	104329.91282564239
-871504.765507048	-998129.2958866899	383871
-218250	770993	-893313.04408008
-252871	218736	-80073
946219	65358	661906.2123326091
-625038	975044	27077
730745.1763746026	-705096	-379351
-818201	-200343	402314.669249797
-527322	384573	-378415
-370968.3900272305	177506	651825.4734654634
365985	85086	-768130.1498184844
159235	345911	433427.3547455461
-134408.63713870605	-46353.750087948516	502597.8871377199
776917.1828365715	-315256.2706930315	670538
-309781	-375167	346073.14195896033
-373840.14694124775	813236	-122967.25726388022
-801135	-354998	-936086.4154520661
-171459	-78323	-669411
-614933.5726715093	-569685	-393044.9970989487
-292555.78069966065	-236480.84199469804	903374.4464260077
-115808.55376282881	538893	473730.1374653431
694812.982928759	-527797.9428473958	-735340
-120556.22601907351	978913.1751241398	-598082.7118090577
60255.341995211784	335622.3507118139	154196
-476271	-417097	-900406.8619407477
-43469.22342649975	638887	371976
614306	921256	128155.24359830306
-147219.25547154772	270019	-618163
-340618.60980351665	368389	464164.6533887291
398095.857585164	-457084	-466041
129281.05287809693	-371451	-281630.4640687279
-691536	309045	-951406.3938729656
-152574	-514146	580804.8715985215
-904774.7454121548	424442	-140822.86211020884
546667.2910654116	993407	-773746.0831797913
-936896.9130201549	422228	556744
368099	-195476.48685440095	-711520.9512929299
-895045	-842728.812452265	-524102.54213208554
-944352.7361797794	-944592	698616
254491.1297615578	-131119.44210675603	284827.9899579594
-565715.3922084939	951935.8737590727	169236
-104454.63776572933	-848201.5125797837	203595.2212663989
-510803	76158	-383929.0465796597
177884	758370.826996685	867796.9390598473
277607	-580385	794644
121120	771083.2436702726	922352
-731943.5923050919	156336	883867.5328016886
-330868.9613730591	271430.37631897745	324995.58651758404
861385.6913222	-933505	877734.1196858224
-304101	-95941.50827266241	363752
-960929.2980555057	245601.47657782352	360407
-128752.90875375271	-45662	320326.7697385568
185230.05211709323	-656123.1271643937	464559.6665910629
664520.5274403442	-43714.109092505765	-586343.1710283327
-672395	363355.33043612237	870386.0017991601
-240828.42286733724	614509	-132871.7305605593
952973	-406377	-170654.10327779083
924899	363975.7356751566	261198
-625305.3249227527	-843993	-831371
196161	-153598.43079754442	-583019.8752142297
511827.5191244851	-752151	-15829
635425.7154323163	-410141	494954
598339	-753889.2837238709	645564.209789152
-78606	914692.5212712612	184447
-983426	-398507	565793
966205.83160823	40451	231700
960630.5835735877	-949369	-613451.3997381945
850689	2710.9883282685187	-778532
-337450	612576.0572739334	637539.5554218225
937449.414314422	-102298	927412
-600072.6032849564	43117.283220534446	-213384
313819	407467.7227878405	797984.2689316599
940507.1603772684	-106389	110179
518241	647087	-44291
-990154	-529669	-253895
221788	-830025	-240258
-387592.3580757994	-676425.6545395612	970617.0961159766
-886421.120430521	-31662	-566473.8564997138
-390283.0299488496	588370	-944698.0600601453
-168947.14644202066	125685	179249
-996444.7813613627	685262.73974988	904551
-3870.109929393162	884791.5199210644	-499631
-447705.08849517815	-794526.8762799109	-799569.5232241162
384674	-813028.9583102586	-566784
431422	107020	-870972.876863843
562887.3962462666	799837	12592
696947	-469014.7466070764	-777108.973307857
224114	-702820.9244330628	-543797.5418100774
-957600.6968831213	405808	494093.77189890714
-354715	152928	166423.42029688694
-930912	884555.3708315357	-585024
937625.2971413655	-298369.970298038	-264991
-822601.6236660662	781709.5121652274	73574.62231265032
-500354.55758123647	615020.1522187402	-460859.9500807016
814695	193759	-585953.436665067
-408045.90719666495	-795049.9179814399	283873.16504876805
-163049.2356507891	-136618.5900838765	-776907.915894727
782340	337025.9587780724	786911.5716323005
530728	-395157	-740464.1132178325
-58291	-498762.1128852331	-271635.5412097293
132297.9735024264	191776	334108.42982944637
-246474.07878042758	-856253.3089422004	-282906.9986332824
-133134.19265184633	205194.22548413882	-772551
-449934	-308900	-372988
-15994	369134	-146190.63461382734
-130670.14832289156	142902.02657041862	889270.0112109261
587325	-80732	-15403
684168	161796.3305990724	-180946
-532299	-338680.8069771079	-396815.70772397646
410402.23717793333	258090.8885477418	-66980.29304699518
-950272	23913.08443315071	28521.125312465476
-830335.4477489586	-633090	588184.7896085947
336417.34330393816	-967388.5642047207	-722107.4356292756
-241654	-265015.1889446209	-267510.09339099645
629585	784870	773282.4981090007
-740553	-867769.8526497365	-935611
-134410.60670429782	797890	-746854.9468460926
-394064	6374.319656777545	11903.065260355826
897075.2937810502	-616005	737573.9325995287
828241.4867792833	-447939.7055451218	-52441.56896680035
-404164.04268447345	759687	-747405
-456578	-874075	-616273.8985590043
461646.1018568515	773959.2926649076	129893
-821512	-607284.0009759318	128466
657410.3201350858	-860258.5179380573	857243.2602612006
-395386	956474.687275759	-32582.17212200479
171238	-117969	172757
981614.9895029382	-104974.22307972948	150682.17060174234
-172078.30052807857	480787	831805
284636.03288548347	607168.8548611649	-784632.7742672589
-660886	-483460.0648355389	742795.5603289793
908876.8402035029	97863.10004499555	-423196
-440281.3856584615	9395.463226038497	-169963.6872258361
131565.03339132876	449169.31256626523	794366
-448276	856983	184067.1193983052
-525389.9815871766	-38313.02858699835	371464.2097255073
-782322.3987735744	-602792	661417.9152741735
-659136	-316416.28300274105	-4073.8442005912075
-634035.7003303036	972028.6973757809	679351.7733827294
851040	821723	-861721.5193424324
-277241.7370298605	60004.856717280345	82392
-105583.63371009729	840130.9795921794	158649.12973476853
41385	-199068	376279.5214419379
-328240.8493830282	-871705.7788749561	213354.26106168563
163155.0204742821	589427.1027349196	227225.81387914717
925995.0587963604	-220336.4776099408	374584.50164330984
-590071	-916131.6500205976	988934
211761.3930631671	-601754.0595470881	-596650
529999	-831769.0838214769	-309998
-80149.6694533159	-833507.4661469377	-287458
-379089.16344213963	917463	601316.7945371289
3804.153042457532	-467106	-424255.23179672274
-582659.0448419373	215441.57688085618	806366
-872088	-796695	731590.3389799602
248770	852391.7565003023	812544.3701323876
-217957.14987678232	173787.24926219508	835073
71699.98581590108	-767220	944348.2076204717
-31570.91361248726	947871	202435
968208	545518	-258189.36667532614
-896567.9076834769	258892	-512601
-489128.2395585608	-788123	551444
437382.27766625234	672474.743242684	213120.42884323653
967032	669019.0006860686	531278.9894863409
672804.973923302	-732427.2765696559	-535366
-274372	-672896	690873
315633.7798245107	-721181	-566211.0832329168
-852174.0396338202	-352191.67809072905	967668.8417163496
433436.0403704925	904896	320546.9647834543
299795	825617	518594
-996472	520524	-563740.2043016735
-106068.04926864838	466651.75442448794	-633862
63006	997798.0515377098	-633339
201102.2364251616	228085	709475
85678	512970.80536952894	107993.04705576296
-708620.0002047594	-897470	-601985
488664	704609	800004.2153326462
-270298	757472.0231203602	92190.61476133601
-277625.96610131743	-465553	169645.0155980233
-19505	-769157	767330
-813559.9539543323	525960	-286904
-379901	-968721	-810751.1079426559
878159	-272425	-712430.0213681338
204328	-611746	693755.0394373657
-912081	-421209	-333762
58505	994644	865917
561637.4262338155	-541929	827390.3352588441
487992.4855898521	-535477	-473143.8234272103
272972	-909705.3174515394	865935
229098.52358217235	-168580.94496949087	217487
-861138.1888260304	-766698.6392729309	-15383.11406499066
343611	-249960	275940
126588	79237	-337147
74618.31885805237	-485532.1684513392	232369
483569	412280.82114704465	-29564.77862005215
-188319	-820468	255877
152930.96063842322	29859	623556
449892	-582447.9881137159	-805320
654503	991766	-827463.3670114988
407668.6207974325	-789874.684346779	-980931.4441071013
-482242	63706.819372466765	-976908.7174803581
331363.0590906488	-312985.831940291	-924073
620361.2324822501	-379764	-979769
552819	251245	-281914.09924303845
-643165	81433.48214401794	369087
-931558	396633	235204.77511992794
319945	136497.75959421834	27758
-232887	-77974	-726856.9642312154
-745607	-499106.79375602875	949060.7740057216
664400	397323	122359.75195063371
-733693.2785452466	-472235	223620.29532859847
-307121	-736271.7612771511	205831
-527327	303627	-160517.10922572052
680846	882686	-139955
827071.9145768555	502940	53413
874480	284719.3507542338	-826266.7699781018
-968279.9107264947	617945	-427900
11932.641297128517	286148	947331.3039949243
-72227	130461	-622470.4055429553
-412225.68470358546	-263975.8512583972	814294.9879412837
476325.7362810364	99200	-154225
669707	457974	-312048
110305.37753579998	99334	-985769.5022292181
645743.0687474962	662079.9058910091	-950084
685698.8735701959	-560844.7837110915	414081
854496	-66449	231634.7183040853
-795939.027258055	223452	297008.31858531083
927751.5529655877	379073	783109.7773852244
201500.47574940603	610306.4957969228	-164341
-231251	983619.643262099	-401672.32739864197
959988	-62364.82388632663	-532360
-720073	383554	-285790.77382364555
572525	-11629.036130827502	-11792.837974042399
60771.51845750515	43812.04603634693	35259.780010844115
-312438	-383203	-505067
-299811.3901232715	-245896.37812582322	-756578.1038101962
-145512	-659005	593452
852353.3264151104	-965782	866517
-56366	463482.0031414195	265472
-420461.09291053284	-311008	-858224
579081.2362336051	322738.45269482327	12583
-635873	64677.59056923562	173892.13208931359
438187	10272	-209705
235677.1307631489	-448937	-588884.1707720268
-411535	-704431	-508361.8727108794
-143467	-338978	293508.43790128874
216094	-948601	659847
421035.14422356966	-873939	-120701.10027848545
-836672	-521288.372789231	-961895.205353585
448459.85944009735	-449322.10088158445	-443947.43577031884
381041.67083264	370434.48274852615	-220969.8477471302
1123	63136	787242.3343410739
546734.3649090079	-529335.0409971129	969801
230072	733086.8333187301	-691001.2098700057
327283.70962532284	-75928	431213.83219271223
624047	62103.77221373445	360679.7708374914
698540.714686078	-183203	880984
233939.53131610667	-620914	-912361
909084.9757135434	-525064	179166.8896774887
-198639	-394453	-50418
-416.9053965485655	758435.2660800482	177563
-336510	183986.16852627625	232486.45155628375
-368919.43125789403	436778	-339378.5033819119
-118374	-464803.8043554132	210329.26772458456
-235443	-480876.36624325113	177256
674242	886626.9661784922	695507
-98257	-395731.78575487295	-137226
-528986	-173951	-907491.7304217356
-118199	829612.3579810157	857635.4833685891
124510.78306430578	-328422.08191570593	678493
806952.9008813556	854517	-652585
956154.8366097519	-402429.6793176292	-460873
-458314	759111.8511446975	-643032.2505454953
519262	188577.6873984018	789921
-555057	-483433.68968833354	462117
